countrycode,country,currency_unit,year,rgdpe,rgdpo,pop,emp,avh,hc,cgdpe,cgdpo,ck,ctfp,rgdpna,rkna,rtfpna,labsh,xr,pl_gdpe,pl_gdpo,i_cig,i_xm,i_xr,i_outlier,cor_exp,statcap,csh_c,csh_i,csh_g,csh_x,csh_m,csh_r,pl_c,pl_i,pl_g,pl_x,pl_m,pl_k,phi_NR,workers,gdp_per_worker
ARG,Argentina,Argentine Peso,2005,385129.22,375279.44,38.681174,13.987501,1840.9,2.764784,385129.22,375279.44,1.6138954e6,0.5195682,375279.4179550025,1.6138954e6,1.0,0.39775944,2.9036575,0.4756744,0.48815918,1,1,0,0,0.827094864628918,86.1111111111111,0.6735025,0.19995864,0.09245013,0.15107954,-0.11345766,-0.0035331638,0.4445752298642711,0.5095653145311255,0.6289307317617918,0.70738053,0.673785,0.44092122,0.15991123,23.295371985559463,16109.61343448954
AUS,Australia,Australian Dollar,2005,724453.1,730370.9,20.40352,10.0830345,1734.76,3.3326728,724453.1,730370.9,2.4470248e6,0.8898322,730370.875,2.4470248e6,1.0,0.5818398,1.309473333333333,1.048649,1.0401524,1,1,0,0,0.8718143623255346,,0.5619446,0.29321802,0.15138006,0.20954023,-0.21865535,0.002572447,1.0450902452339557,0.984766303099817,1.1855982955599005,0.69099295,0.74466103,1.0866791,0.06556894,8.531940006332398,85604.31443000295
AUT,Austria,Euro,2005,273588.88,274590.88,8.232196,3.8740556,1764.27,2.7915232,273588.88,274590.88,926194.2,0.97819835,274590.8836774169,926194.2,1.0,0.6114706,0.8041200000000001,1.1147513,1.1106837,1,1,0,0,0.8804331485838606,,0.58316594,0.24165809,0.13262421,0.5682949,-0.57209367,0.046350546,1.047666332704211,1.043804880567426,1.5390066382801668,0.7543933,0.7635668,1.2024993,0.0055557936,3.19845033637476,85851.22359949828
BEL,Belgium,Euro,2005,329908.72,328196.9,10.414209,4.284497,1562.8,3.0290415,329908.72,328196.9,1.0554954e6,0.9933827,328196.91301003104,1.0554954e6,1.0,0.6131036,0.8041200000000001,1.1438029,1.1497687,1,1,0,0,0.9170755659658729,,0.5424493,0.2601979,0.16303013,1.22383,-1.1895074,1.5425355e-16,1.0907787029583322,0.9691409830036926,1.5989919997665898,0.739167,0.722476,1.0784687,0.0032229307,4.029219677698373,81454.21012077386
BGR,Bulgaria,Bulgarian Lev,2005,69702.59,75244.695,7.739115,3.6307733,1658.63,2.8686187,69702.59,75244.695,159768.45,0.5895809,75244.6969668204,159768.45,1.0,0.47471398,1.574133333333333,0.41453943,0.38400674,1,1,0,0,0.739706355564995,81.11111111111111,0.59140664,0.19858904,0.2761365,0.23215751,-0.3696845,0.07139485,0.4494587700148096,0.5327680527684973,0.2547255130750161,0.67202383,0.65293115,0.44588643,0.045619406,4.0652489077600835,18509.246793933504
BOL,Bolivia,Boliviano,2005,30282.469,28704.566,9.146654999999999,3.3830354,,2.8066876,30282.469,28704.566,73307.44,0.31972712,28704.567570848132,73307.44,1.0,0.514479,8.066062500000001,0.31533492,0.33266905,1,1,0,0,0.5680034654600926,67.77777777777777,0.7005566,0.11838758,0.19958489,0.14125791,-0.14677286,-0.013014082,0.3149181246115807,0.400527367351485,0.2662644391425621,0.68991154,0.5561985,0.2969313,0.43208486,4.440893251514733,6463.69205034578
BRA,Brazil,Brazilian Real,2005,1.383634e6,1.3722898e6,185.986964,89.62329,1841.0,2.3536806,1.383634e6,1.3722898e6,5.2985705e6,0.41556656,1.37228975e6,5.2985705e6,1.0,0.52448565,2.434390036231884,0.6374836,0.6427534,1,1,0,0,0.8256447717975121,82.22222222222223,0.609642,0.1791221,0.18312071,0.13428783,-0.10617261,0.0,0.6354781107813617,0.5815193119216344,0.6989023879509875,0.7241016,0.6974041,0.5028756,0.08219499,88.43947072672535,15516.711471966222
BRB,Barbados,Barbados Dollar,2005,6516.8423,6595.396,0.270503,0.12873344,1764.27,2.8095834,6516.8423,6595.396,5183.266,1.2217759,6595.395831286906,5183.266,1.0,0.7535966,2.0,0.5996922,0.59254974,0,1,0,0,,,0.88367766,0.06798884,0.12682295,0.07537775,-0.39773825,0.24387102,0.495238314496744,1.653719714834779,0.7624506944509261,0.7266309,0.6373277,2.4283922,0.0024856422,0.06665285786324739,98951.43595531369
CAN,Canada,Canadian Dollar,2005,1.1429745e6,1.1471585e6,32.283412999999996,16.132248,1749.22,3.389335,1.1429745e6,1.1471585e6,2.8244178e6,0.98254216,1.1471585e6,2.8244178e6,1.0,0.5772088,1.211763333333333,0.9919353,0.98831755,1,1,0,0,0.9038276229126448,,0.56445974,0.24386142,0.15050463,0.41463783,-0.37045965,-0.0030039551,0.9672709032456432,0.894654045717128,1.2420621375805772,0.75801104,0.7399102,0.97749895,0.06675793,13.649142373381077,84046.19635569333
CHE,Switzerland,Swiss Franc,2005,272982.53,287505.0,7.415006999999999,4.225936,1651.74,2.8664546,272982.53,287505.0,868728.4,0.97604764,287505.0046358423,868728.4,1.0,0.7278039,1.245176666666667,1.4094492,1.338255,1,1,0,0,0.9055822130196871,,0.568888,0.24268553,0.07483033,0.62316847,-0.56469095,0.055118576,1.4087300136094898,1.20564964535561,2.0758682240191613,0.73078275,0.77962947,1.426503,0.0021230793,2.018336091151893,142446.54359617425
CHL,Chile,Chilean Peso,2005,186444.19,182733.55,16.301726,6.367655,2189.2,2.8750691,186444.19,182733.55,463376.6,0.66237044,182733.54584722876,463376.6,1.0,0.44669574,559.7675,0.6600154,0.67341787,1,1,0,0,0.7409018404527616,89.44444444444446,0.5962934,0.25679734,0.081045985,0.3082062,-0.25747243,0.015129496,0.6656306866274252,0.5767031419867922,0.8826789470693712,0.73271006,0.6957677,0.5194072,0.14867423,9.019814359785913,20259.125031408872
CHN,China,Yuan Renminbi,2005,6.864127e6,6.771131e6,1284.823106,755.125,,2.459823,6.864127e6,6.771131e6,2.2065822e7,0.34033632,6.771131e6,2.2065822e7,1.0,0.45121285,8.194316666666667,0.3326964,0.33726576,1,1,0,0,0.5362334284761586,60.0,0.35787016,0.3662419,0.23590004,0.16727847,-0.13561995,0.008329373,0.3674326305864639,0.38313742089035757,0.20168898959088338,0.6727085,0.7186678,0.3057615,0.19151169,705.0943682023716,9603.155698524306
CIV,Cote dIvoire,CFA Franc BCEAO,2005,26566.867,25293.22,18.020946,6.656663,,1.754591,26566.867,25293.22,46885.99,0.30676693,25293.220703125,46885.99,1.0,0.50368613,527.46814284,0.64309186,0.675475,1,1,0,0,0.3499468128250222,80.0,0.82665616,0.07649978,0.07617611,0.39939737,-0.3654007,-0.013328666,0.5829504792075809,1.000184470155563,0.9371308923607854,0.71747214,0.63458776,1.1438789,0.113239795,8.944045449476837,2827.9396438671356
CMR,Cameroon,CFA Franc BEAC,2005,30301.744,30480.664,17.553589,7.2676673,,2.0395136,30301.744,30480.664,66803.07,0.27761033,30480.665435936273,66803.07,1.0,0.50265956,527.46814284,0.5474225,0.54420924,1,1,0,0,0.44682113176517757,50.0,0.7363533,0.16564672,0.10223505,0.1310863,-0.14291312,0.0075917235,0.531988358181426,0.626445975154896,0.530549812914819,0.61082613,0.6278929,0.55480325,0.16423497,8.730109690006493,3491.441132451261
COL,Colombia,Colombian Peso,2005,276626.9,275496.56,43.040558,17.157429,1956.0,2.3255794,276626.9,275496.56,926618.5,0.46853286,275496.5625,926618.5,1.0,0.476308,2320.834176666667,0.52983373,0.53200763,1,1,0,0,0.7344612928427351,77.22222222222223,0.6940469,0.20935847,0.120120905,0.116227105,-0.120502934,-0.019250438,0.5060832200897674,0.5138428143256476,0.6949326747658018,0.6617842,0.63871527,0.41143382,0.11616092,22.539996409443138,12222.564613390117
CRI,Costa Rica,Costa Rican Colon,2005,36514.39,35526.26,4.309413,1.8056227,,2.5688097,36514.39,35526.26,61511.863,0.59639186,35526.26057403738,61511.863,1.0,0.6051793,477.7867414874552,0.54676867,0.56197655,0,1,0,0,,76.66666666666667,0.80451137,0.13843435,0.14113398,0.28115588,-0.41179928,0.04656373,0.47030743450684326,0.9883487799565445,0.5494901700290011,0.7158981,0.62703115,0.6677756,0.06792888,1.7014454148230553,20880.04787532053
CYP,Cyprus,Euro,2005,18043.697,15769.49,0.758,0.30038992,1848.84,2.7915492,18043.697,15769.49,62547.098,0.76256883,15769.49055611651,62547.098,1.0,0.55762005,0.7929115374365967,0.93673843,1.071831,1,1,0,0,0.8422242018347348,,0.7598033,0.2610969,0.15229402,0.13524587,-0.5692143,0.26077417,0.9138169535073264,0.8115063740338105,1.2657963789190487,0.7250579,0.7110015,0.821694,0.0055512576,0.3353240032196045,47027.62129452309
DEU,Germany,Euro,2005,2.507179e6,2.61455e6,82.540739,38.89914,1431.01,3.3247113,2.507179e6,2.61455e6,8.2314775e6,0.8697497,2.61455e6,8.2314775e6,1.0,0.62185663,0.8041200000000001,1.1033332,1.0580231,1,1,0,0,0.9404459836988088,,0.58677477,0.17671363,0.14544192,0.571892,-0.48082238,-1.683364e-16,1.0594481739578216,1.0339281343100821,1.3647118284666389,0.76439303,0.7944312,1.1846086,0.0055675074,31.212233220256984,83766.83531581254
DNK,Denmark,Danish Krone,2005,172813.33,180487.1,5.4194439999999995,2.760434,1555.91,2.9067366,172813.33,180487.1,594027.3,0.9153251,180487.09375,594027.3,1.0,0.6425401,5.99691,1.4910628,1.4276674,1,1,0,0,0.8421902885542961,,0.48133245,0.24286568,0.18631594,0.64296234,-0.57090104,0.01742461,1.4302714170708435,1.2242092562361855,1.995960297374865,0.71019304,0.7207383,1.4708308,0.03880569,1.937233925271511,93167.4236113246
DOM,Dominican Republic,Dominican Peso,2005,61053.258,60890.875,9.264267,3.3151414,,2.3013062,61053.258,60890.875,169993.05,0.58318603,60890.875,169993.05,1.0,0.38263923,30.5106317288727,0.54757166,0.549032,0,1,0,0,,72.22222222222221,0.7722329,0.13250269,0.15281306,0.15130667,-0.17268506,-0.036170237,0.5848715064769596,0.6840822402539294,0.24071198777297662,0.67114425,0.64708394,0.4323552,0.035975266,5.71939501511246,10646.383898840166
ESP,Spain,Euro,2005,1.1697199e6,1.1401552e6,43.395441,19.197931,1685.83,2.877698,1.1697199e6,1.1401552e6,3.9437132e6,0.8507877,1.14015525e6,3.9437132e6,1.0,0.64831716,0.8041200000000001,0.9667263,0.9917938,1,1,0,0,0.784861715378657,,0.6151127,0.3039433,0.16092047,0.22364523,-0.3365563,0.032934487,0.9314092324732545,0.9638027273213772,1.1072463087378521,0.75609946,0.7547331,1.0653453,0.0075680004,15.26143201108092,74708.27437242871
FIN,Finland,Euro,2005,156941.3,162631.11,5.244342,2.3987598,1715.8,2.8872929,156941.3,162631.11,596588.44,0.9021269,162631.109375,596588.44,1.0,0.60385925,0.8041200000000001,1.2474599,1.2038164,1,1,0,0,0.8841146343648407,,0.49297675,0.2519688,0.18057393,0.54645854,-0.47834608,0.006368,1.2578913725225653,1.0437555141031918,1.5032262385948065,0.73407745,0.7516335,1.1733967,0.003767489,2.0774975952826735,78282.21305491893
FRA,France,Euro,2005,1.8247598e6,1.829597e6,62.836437999999994,26.294878,1495.07,2.909541,1.8247598e6,1.829597e6,6.14187e6,0.94455093,1.829597e6,6.14187e6,1.0,0.62648696,0.8041200000000001,1.1708694,1.1677738,1,1,0,0,0.9051212232756887,,0.60211635,0.2165866,0.18496875,0.31420508,-0.33096966,0.0130928755,1.1036788479408652,1.0767235617945192,1.4998292612150697,0.7555708,0.78583765,1.226521,0.0051519168,23.47022916406047,77953.94698581078
GBR,United Kingdom,Pound Sterling,2005,1.9571541e6,1.9306335e6,60.202726999999996,28.642519,1676.41,2.758831,1.9571541e6,1.9306335e6,4.3383455e6,1.1083428,1.9306335e6,4.3383455e6,1.0,0.6327443,0.5499983333333334,1.1730518,1.1891658,1,1,0,0,0.8284102808854447,,0.68535656,0.18236811,0.17446345,0.26924986,-0.34061342,0.029175455,1.121190436135495,1.1047851116395042,1.4481424348502563,0.7394154,0.78434044,1.2950149,0.022526342,22.1097939066205,87320.28476402469
GRC,Greece,Euro,2005,264613.03,254762.12,11.183114,4.874368,2095.02,2.9112482,264613.03,254762.12,801860.6,0.817335,254762.11477386655,801860.6,1.0,0.5240059,0.8041200000000001,0.90727097,0.9423524,1,1,0,0,0.7496551003749821,,0.7306129,0.23292316,0.17162189,0.09933022,-0.2976212,0.06313308,0.900131451021194,0.8659845527877104,0.9936976062610388,0.68895674,0.723978,0.88029015,0.013342828,5.323096396659851,47859.76169055641
GTM,Guatemala,Quetzal,2005,46990.61,47278.402,12.717153999999999,4.0174675,,1.7071961,46990.61,47278.402,76907.96,0.6643697,47278.401017772136,76907.96,1.0,0.44526446,7.633944166666667,0.57907784,0.5755529,0,1,0,0,,78.88888888888889,0.8903436,0.09206054,0.16993125,0.17050946,-0.35156274,0.028717853,0.5670906069080741,1.2338667197036413,0.28715104513888295,0.6674778,0.6316908,0.8489309,0.07600165,7.054657308541059,6701.729123895237
HKG,Hong Kong,Hong Kong Dollar,2005,225745.8,256070.08,6.809858999999999,3.2936382,2410.34,2.9043486,225745.8,256070.08,850512.1,1.0067384,256070.078125,850512.1,1.0,0.50795656,7.777333333333333,0.7874863,0.6942307,1,1,0,0,0.716809845740726,,0.47686324,0.24450342,0.050660647,1.6005703,-1.5420966,0.16949894,0.8475746476857768,0.5840752884269644,1.2036039214367884,0.71273184,0.7601204,0.56920713,1.12783695e-7,3.3507464181316493,76421.80164376114
HND,Honduras,Lempira,2005,19014.246,20153.469,6.879243,2.5434952,,2.2498088,19014.246,20153.469,47992.23,0.33128577,20153.46932197945,47992.23,1.0,0.59037334,18.83234166666667,0.5131452,0.4841385,0,1,0,0,,63.333333333333336,0.79865617,0.14422703,0.17492425,0.09954253,-0.3528444,0.13549438,0.45665556145364067,0.9272073371541935,0.4296623583124792,0.6452357,0.62147933,0.54720366,0.09515912,2.8179213522067665,7151.8918490104215
HUN,Hungary,Forint,2005,166440.22,161359.97,10.086936,4.1863656,1992.1,3.2453027,166440.22,161359.97,457049.88,0.64713514,161359.96142154658,457049.88,1.0,0.6196299,199.5825,0.6628309,0.68369937,1,1,0,0,0.7951692254681145,84.44444444444444,0.581335,0.21431297,0.25756842,0.61738414,-0.6706006,4.5416805e-8,0.6463523476857485,0.7827441888825563,0.6002477419185338,0.7303071,0.6938333,0.8109317,0.022310609,3.836768658026218,42056.215303064375
IDN,Indonesia,Rupiah,2005,756299.9,724812.06,227.30317499999998,94.481636,,1.9793954,756299.9,724812.06,2.238526e6,0.36378473,724812.0321936999,2.238526e6,1.0,0.44149095,9704.741666666667,0.37798318,0.39440382,1,1,0,0,0.4994330060561947,84.44444444444444,0.628021,0.24186133,0.14803159,0.18117557,-0.12575161,-0.07333796,0.40420318196551197,0.4090030749374771,0.21606336796674136,0.65230805,0.633058,0.3383298,0.19056717,126.95088074032812,5709.389791336446
IND,India,Indian Rupee,2005,2.753757e6,2.8283198e6,1140.042863,439.82794,,1.8328034,2.753757e6,2.8283198e6,5.7259975e6,0.3997015,2.828319744085014e6,5.7259975e6,1.0,0.48096794,44.09997499999999,0.30412963,0.29611188,1,1,0,0,0.4953885304430311,81.1111111111111,0.5323922,0.2877883,0.18694273,0.05101192,-0.07211131,0.013976126,0.32417936344001425,0.35271090314396486,0.1722419105933602,0.69555295,0.69065624,0.30508673,0.11912957,591.7187969252418,4779.837592952674
IRL,Ireland,Euro,2005,154695.89,181984.42,4.158042,1.9430737,1883.19,3.1895201,154695.89,181984.42,272577.88,1.4908359,181984.421875,272577.88,1.0,0.5072765,0.8041200000000001,1.3106494,1.1141177,1,1,0,0,0.7855314075505274,,0.40359408,0.24031019,0.11388684,0.8409611,-0.5113847,-0.08736746,1.2605638229096898,1.2614900729961407,1.5918737672958432,0.71877736,0.7552179,1.3814285,0.0057704803,2.0487651095520256,88826.39646025207
IRN,Iran,Iranian Rial,2005,728643.25,707534.3,69.732007,24.099354,,2.5708706,728643.25,707534.3,2.1177588e6,0.7023076,707534.3109642742,2.1177588e6,1.0,0.28605178,8963.958906666667,0.28214934,0.29056713,1,1,0,0,0.6063303369547974,70.55555555555556,0.46108395,0.24468127,0.19204488,0.16983913,-0.10258885,0.034939595,0.26909350086644096,0.3587381073429636,0.2159148524072987,0.56917703,0.6781463,0.28437153,0.041983746,49.78504435386944,14211.78431560458
ISL,Iceland,Iceland Krona,2005,10766.221,9420.136,0.296743,0.16130327,1794.0,2.9519353,10766.221,9420.136,37348.066,0.79139555,9420.135786407223,37348.066,1.0,0.7472434,62.98166666666667,1.512725,1.7288852,1,1,0,0,0.8151393228573612,,0.64034635,0.4329316,0.20977421,0.44957384,-0.72594005,-0.0066860323,1.604892921623071,1.125885805941013,2.02973584192038,0.72975004,0.7280729,1.2403389,0.0010458684,0.07500375045156478,125595.5293631716
ISR,Israel,New Israeli Sheqel,2005,161550.64,155744.28,6.604572,2.689037,1930.94,3.200239,161550.64,155744.28,433958.84,0.8578588,155744.28125,433958.84,1.0,0.5629268,4.4877,0.8292629,0.86017895,1,1,0,0,0.8543339732517103,,0.56842244,0.22120707,0.25123364,0.38296103,-0.43725342,0.013429291,0.8436693223565186,0.7335469273834571,0.8809444961094391,0.7170992,0.66127074,0.7026486,0.008744496,2.886681228054285,53952.71210980805
ITA,Italy,Euro,2005,1.6513591e6,1.6680989e6,58.671206,24.231617,1818.74,2.7676795,1.6513591e6,1.6680989e6,6.7694015e6,0.8914291,1.6680988334978414e6,6.7694015e6,1.0,0.5445776,0.8041200000000001,1.0817,1.0708449,1,1,0,0,0.8568613353867914,,0.592113,0.25527656,0.1431727,0.3083564,-0.30496526,0.0060465834,1.0673426671067971,0.8764259301615891,1.5070796021673734,0.7250768,0.7564905,0.89948106,0.008285425,26.720181531209946,62428.42598399312
JAM,Jamaica,Jamaican Dollar,2005,13498.843,11719.172,2.681653,1.069401,1970.64,2.8419032,13498.843,11719.172,29519.434,0.36024395,11719.172376588347,29519.434,1.0,0.54119974,62.28071494408369,0.8326091,0.95904905,0,1,0,0,,78.8888888888889,0.8170933,0.19228446,0.37227333,0.17658827,-0.65861756,0.10037824,0.925135820180122,1.3423029272459395,0.3662606132810443,0.73181456,0.63287693,1.6788328,0.0279603,1.2303430835797189,9525.12517151129
JOR,Jordan,Jordanian Dinar,2005,22362.818,23707.72,5.342002,1.4144533,,2.6861978,22362.818,23707.72,131744.42,0.35815626,23707.719941288233,131744.42,1.0,0.4501815,0.709,0.56292844,0.5309943,1,1,0,0,0.7453669982306523,71.66666666666667,0.7885098,0.43977925,0.10644122,0.26264185,-0.6729647,0.075592615,0.5913964874685738,0.4123157735856923,0.9743193204453656,0.6871539,0.65527636,0.36150888,0.0325834,2.937131610920906,8071.725698288236
JPN,Japan,Yen,2005,3.8811958e6,3.9676702e6,126.392944,63.25617,1807.67,3.1979356,3.8811958e6,3.9676702e6,1.6736074e7,0.76115984,3.9676701870089844e6,1.6736074e7,1.0,0.5193612,110.2182116666667,1.1779532,1.15228,1,1,0,0,0.8124125422835022,,0.54775184,0.24072702,0.17595562,0.19392806,-0.15514408,-0.0032184846,1.215396662490559,1.075389119559075,1.201710440772554,0.77321035,0.8380427,1.1207323,0.0015042855,60.74935319192791,65312.13982583119
KEN,Kenya,Kenyan Shilling,2005,40607.473,41543.695,35.614576,13.378019,,2.1677525,40607.473,41543.695,80507.766,0.17716174,41543.69385265501,80507.766,1.0,0.68323654,75.55410945143106,0.46147147,0.45107186,1,1,0,0,0.4752011635132019,57.77777777777778,0.8111847,0.13920668,0.12174358,0.11475389,-0.21951096,0.032622114,0.41924094055713995,0.5480055067773174,0.6439093254240723,0.71736634,0.64107674,0.46394813,0.11379888,11.281396342848778,3682.4958586650796
KOR,"Korea, Republic of",Won,2005,1.1312974e6,1.1465496e6,47.044126,22.398535,2351.33,3.254755,1.1312974e6,1.1465496e6,3.9607545e6,0.72568655,1.1465496303004874e6,3.9607545e6,1.0,0.5441377,1024.116666666667,0.7468113,0.7368766,1,1,0,0,0.7693043158149862,,0.49651924,0.3342051,0.12981914,0.33399007,-0.2936012,-0.00093230914,0.7983189933890615,0.6545624946018704,0.7872937465384903,0.7427295,0.7760368,0.6263365,0.0045101866,21.445642713344096,53463.05728979546
LKA,Sri Lanka,Sri Lanka Rupee,2005,65956.6,68226.75,19.842536,6.7424026,,3.0971298,65956.6,68226.75,194628.25,0.26598257,68226.75,194628.25,1.0,0.6911946,100.4980516666667,0.37003517,0.35772282,1,1,0,0,0.4006534716670086,73.33333333333333,0.66822326,0.24722478,0.13092828,0.13600062,-0.18796356,0.0055865385,0.36945601087727536,0.3781810561054497,0.35760972687502723,0.66385764,0.64776784,0.30237657,0.025482945,6.127482387406825,11134.548528481993
LUX,Luxembourg,Euro,2005,31680.795,26705.604,0.45719699999999996,0.30032852,1559.58,2.901288,31680.795,26705.604,84507.58,1.1216757,26705.603515625,84507.58,1.0,0.5775397,0.8041200000000001,1.1887069,1.4101603,1,1,0,0,0.7743927492888653,,0.44168538,0.32487896,0.11780474,0.6383828,-0.9065984,0.38384643,1.1331603385561384,0.9781961997061605,1.9775087926523582,0.7458133,0.72633576,1.0423267,0.0014174385,0.1931475898311138,138265.2692636553
MAR,Morocco,Moroccan Dirham,2005,90653.42,89102.586,30.392473,10.843497,,1.7809191,90653.42,89102.586,283286.4,0.3721629,89102.5859375,283286.4,1.0,0.5139003,8.865008333333334,0.65660846,0.6680368,1,1,0,0,0.7043079700014121,76.66666666666667,0.62314373,0.35197684,0.09927453,0.18311365,-0.36308163,0.10557286,0.6159300652136883,0.5465519364040731,1.3021498443370785,0.6855182,0.6430357,0.54950005,0.037870437,14.77377261544466,6031.132890481284
MEX,Mexico,Mexican Peso,2005,1.2768222e6,1.2704549e6,106.483757,40.89969,2207.2,2.6291075,1.2768222e6,1.2704549e6,3.2024465e6,0.7484564,1.270454875e6,3.2024465e6,1.0,0.38474837,10.89789166666667,0.6626566,0.66597784,1,1,0,0,0.7097461699237542,72.22222222222221,0.6821772,0.20875414,0.12871903,0.23460749,-0.24868903,-0.005568832,0.6502538701788874,0.76980113498996,0.554623047481694,0.718675,0.702074,0.7852674,0.0933846,65.51430829423487,19392.021500008686
MLT,Malta,Euro,2005,8152.702,7719.2534,0.40929499999999996,0.15672043,1895.32,2.931126,8152.702,7719.2534,23147.1,0.7979689,7719.253698843712,23147.1,1.0,0.5548387,0.8054446593291404,0.733602,0.77479494,1,1,0,0,0.7785578070007317,,0.678676,0.18816663,0.2219634,0.426257,-0.7240171,0.20895396,0.7474262378001737,0.7444527265545108,0.682134181734368,0.738695,0.6915939,0.7250608,0.003589808,0.18220228733211755,42366.39139385845
MOZ,Mozambique,Metical,2005,12384.57,12342.784,20.770013,10.487506,,1.1803235,12384.57,12342.784,22414.45,0.23568854,12342.784759373288,22414.45,1.0,0.41119468,23.060965,0.5311864,0.53298473,1,1,0,0,0.29144268805831103,67.22222222222223,0.8695629,0.13806452,0.13785157,0.22711739,-0.37024716,-0.002349255,0.5105033640322273,0.6914685020917037,0.5011246304841944,0.7148572,0.63898546,0.6793242,0.13532844,12.229494106810211,1009.2636761494657
MYS,Malaysia,Malaysian Ringgit,2005,290610.16,271350.2,26.100241,10.312733,,2.8681867,290610.16,271350.2,1.0255986e6,0.5108569,271350.1875,1.0255986e6,1.0,0.5313437,3.787091666666667,0.49390712,0.5289638,1,1,0,0,0.7084913480774778,73.33333333333333,0.44423205,0.29547954,0.09625665,0.7507817,-0.6157498,0.028999804,0.5261450514984031,0.4009378885572763,0.6305145702598568,0.6951732,0.68402797,0.31703663,0.2026049,12.232042415277244,22183.555148655832
NER,Niger,CFA Franc BCEAO,2005,6856.3623,6884.656,12.993884,4.345519,,1.2296486,6856.3623,6884.656,32337.236,0.12924367,6884.65576171875,32337.236,1.0,0.6395667,527.46814284,0.4913695,0.48935014,1,1,0,0,0.46498576807210273,65.55555555555556,0.7315254,0.21118964,0.1765427,0.08458422,-0.17737828,-0.026463725,0.4918734383260928,0.5350897699682688,0.43698083650941566,0.69957423,0.60233915,0.4290984,0.20842768,4.6834282361404895,1470.0034706611077
NLD,Netherlands,Euro,2005,552211.9,591543.9,16.305457,8.2625475,1393.26,3.0985305,552211.9,591543.9,1.6594354e6,0.98839486,591543.875,1.6594354e6,1.0,0.6051212,0.8041200000000001,1.1562059,1.0793293,1,1,0,0,0.9055848674603313,,0.49192786,0.18293323,0.17907216,0.82280713,-0.7005535,0.0238131,1.0698581615434972,1.1217903460106944,1.4285687769475308,0.7187054,0.74948096,1.3412904,0.029168656,6.438679369981229,91873.47917306286
NZL,New Zealand,New Zealand Dollar,2005,105482.17,101895.016,4.134117,2.1382272,1750.81,3.460721,105482.17,101895.016,234928.64,0.8034613,101895.01562499999,234928.64,1.0,0.5069785,1.420273456614326,1.0789746,1.1169593,1,1,0,0,0.8954745690399913,,0.63428086,0.24262099,0.1803842,0.28621906,-0.36174384,0.018238777,1.0497170454941107,1.1295627725701696,1.113810378375606,0.7450393,0.71166915,1.2382616,0.037377253,2.0382085156903265,49992.43936064554
PAN,Panama,Balboa,2005,30147.904,32692.537,3.238321,1.188305,,2.7926462,30147.904,32692.537,51554.94,0.84797555,32692.536696482337,51554.94,1.0,0.39870808,1.0,0.51296103,0.4730346,0,1,0,0,,76.66666666666667,0.5354678,0.13609679,0.19128586,0.04347801,-0.17700084,0.27067238,0.5482296921736741,0.6380708049778486,0.32521961718004516,0.6780353,0.71802557,0.53715295,0.021805018,1.9471761704256534,16789.717132902464
PER,Peru,Nuevo Sol,2005,158365.61,153729.84,27.558768999999998,8.910955,1926.0,2.6536667,158365.61,153729.84,615445.1,0.45357108,153729.84367655838,615445.1,1.0,0.32516846,3.295841666666667,0.5013013,0.5164182,1,1,0,0,0.6530394839641351,85.55555555555556,0.68611234,0.20472229,0.07831011,0.15492527,-0.12519509,0.001125098,0.4977972122154868,0.45127421416915436,0.6627855377670847,0.71858543,0.64957315,0.3690334,0.08276709,18.597525686716196,8266.144988298409
PHL,Philippines,Philippine Peso,2005,255249.81,261230.06,85.546427,30.448885,,2.6686895,255249.81,261230.06,909927.7,0.32239679,261230.06881065448,909927.7,1.0,0.40360597,55.08549166666667,0.40380675,0.39456254,1,1,0,0,0.40197918177193775,86.11111111111113,0.74900043,0.2168999,0.065969825,0.21736968,-0.27306798,0.023828156,0.39516509016169726,0.39202339197957303,0.5406634128479818,0.726526,0.6937467,0.28990746,0.07556638,51.019381091729635,5120.212297956434
POL,Poland,Zloty,2005,512951.03,512215.56,38.16504,13.913745,2079.05,2.8707674,512951.03,512215.56,1.3993798e6,0.70605195,512215.56250000006,1.3993798e6,1.0,0.5504808,3.235483333333333,0.5924775,0.59332824,1,1,0,0,0.7202582016592295,83.33333333333333,0.60575956,0.17285001,0.23024869,0.24543628,-0.28689748,0.0326029,0.6209358158026136,0.6613354340781538,0.46591426655651463,0.7109506,0.69096076,0.6203379,0.03436245,17.155918898119925,29856.492417677055
PRT,Portugal,Euro,2005,220057.28,213799.27,10.543662999999999,5.0890164,1938.82,2.4575362,220057.28,213799.27,771836.7,0.73860353,213799.2612940975,771836.7,1.0,0.70556855,0.8041200000000001,0.87180877,0.8973271,1,1,0,0,0.8349570169496479,,0.6695872,0.27177426,0.1847962,0.24490586,-0.39724275,0.026179204,0.8673628059799999,0.7774545436574568,1.0266818598473302,0.7273709,0.7202038,0.74674505,0.0067568356,3.104385964132547,68870.06580212443
PRY,Paraguay,Guarani,2005,20732.268,23094.812,5.897816,2.560612,,2.458963,20732.268,23094.812,65109.73,0.32633862,23094.8125,65109.73,1.0,0.56488764,6177.958333333333,0.36046374,0.3235892,1,1,0,0,0.6210673316451399,62.22222222222223,0.7256235,0.14178741,0.07719194,0.10658854,-0.215541,0.16434963,0.3321580278509342,0.4539155496619769,0.4548908764478625,0.67236066,0.65766424,0.36067274,0.07080149,2.5662126217355725,8999.570925802942
SEN,Senegal,CFA Franc BCEAO,2005,15747.86,15535.85,10.871908,4.2667933,,1.8243577,15747.86,15535.85,57362.668,0.2428702,15535.850092035078,57362.668,1.0,0.40942296,527.46814284,0.5529523,0.5604982,1,1,0,0,0.3934030482548467,78.88888888888889,0.80473435,0.26509306,0.09997507,0.2034979,-0.3733004,-2.0889159e-16,0.5425570535481349,0.5178717964933025,0.7296461527782899,0.74407715,0.6369265,0.4515815,0.039056655,6.420698879844188,2419.6508666907002
SGP,Singapore,Singapore Dollar,2005,195168.66,157461.17,4.265999,2.099497,2302.05,2.6424751,195168.66,157461.17,673685.5,0.9144634,157461.16951795152,673685.5,1.0,0.42177117,1.6643975,0.6426698,0.7965708,1,1,0,0,0.72347129031774,,0.38442534,0.31722137,0.17339541,1.9939338,-1.9269898,0.058013923,0.8315522144006645,0.5015857247859332,0.4820179624888841,0.7314523,0.6593039,0.4433751,0.0,2.4667236160594226,63834.136443118565
SWE,Sweden,Swedish Krona,2005,281993.3,291027.78,9.029345,4.3620195,1605.07,3.2484858,281993.3,291027.78,595881.25,1.0224322,291027.78125,595881.25,1.0,0.6473659,7.473088333333334,1.3141435,1.2733483,1,1,0,0,0.8286434401122225,,0.5031299,0.18266821,0.20734704,0.59615403,-0.51650333,0.027204152,1.220980337152561,1.2369035423935097,1.6082521176190325,0.7508125,0.7407754,1.537624,0.0050859884,3.184054697585702,91401.62745026672
THA,Thailand,Baht,2005,489932.38,489404.22,66.698483,36.609165,,2.274821,489932.38,489404.22,1.9060792e6,0.42028865,489404.21874999994,1.9060792e6,1.0,0.39698514,40.22013020833333,0.3849922,0.38540772,1,1,0,0,0.555393782401933,81.66666666666667,0.5315925,0.30624864,0.16437578,0.3165602,-0.36034018,0.04156306,0.40546850768954423,0.38425603338327213,0.32014337602109355,0.7107269,0.67004627,0.2928661,0.08335524,40.22017417237341,12168.127782155749
TUN,Tunisia,Tunisian Dinar,2005,58227.605,58440.176,9.912113999999999,3.404826,,2.2200649,58227.605,58440.176,202291.9,0.49732736,58440.17844602791,202291.9,1.0,0.45796117,1.297433333333333,0.55424184,0.5522259,1,1,0,0,0.7130825711460136,76.1111111111111,0.63801205,0.26790002,0.09430354,0.27152115,-0.35093507,0.07919835,0.5348011077381334,0.4468804005012223,0.9907640208144142,0.66131777,0.64237696,0.40931886,0.09369511,5.372750361491918,10877.143334279575
TUR,Turkey,New Turkish Lira,2005,747860.8,757452.75,68.143186,19.284815,1936.48,2.1944263,747860.8,757452.75,1.2948686e6,1.1224688,757452.778363697,1.2948686e6,1.0,0.37765387,1.343583108333333,0.6458233,0.63764495,1,1,0,0,0.7319910516263056,78.33333333333333,0.6694709,0.17690234,0.17548186,0.14163047,-0.21816994,0.054684404,0.6830873381091357,0.7205252346217473,0.4283526536655812,0.6849134,0.7066359,0.6754238,0.028366532,42.408650327795506,17860.807739583965
TWN,Taiwan,New Taiwan Dollar,2005,608886.3,621263.25,22.729753,9.995334,2182.8,3.1254342,608886.3,621263.25,1.5963786e6,0.9508134,621263.25,1.5963786e6,1.0,0.48545834,32.18,0.59917843,0.5872414,1,1,0,0,0.752852421080674,,0.5560458,0.2385676,0.14218415,0.5096845,-0.446482,0.0,0.6378510214111458,0.5593569678905506,0.5147553782402862,0.7204997,0.7644091,0.514103,0.0034574885,11.695404066665649,53120.2895136159
TZA,Tanzania,Tanzanian Shilling,2005,35797.707,36872.457,37.758024,18.61111,,1.910643,35797.707,36872.457,84059.984,0.20293552,36872.45703125,84059.984,1.0,0.44749,1128.93417916192,0.39505094,0.3835361,1,1,0,0,0.1055378630835023,67.77777777777777,0.58024335,0.21905378,0.2580407,0.060765,-0.14039509,0.022292268,0.43810994515517204,0.4387899484836123,0.26109575239080657,0.7461445,0.6271984,0.3812868,0.1675085,20.86168671309471,1767.4724742225883
URY,Uruguay,Peso Uruguayo,2005,28702.865,28369.6,3.322529,1.1250931,,2.5581152,28702.865,28369.6,106252.83,0.54836375,28369.599609374996,106252.83,1.0,0.45824093,24.4786,0.6049166,0.6120227,1,1,0,0,0.8227662022750896,77.22222222222223,0.7009524,0.19959958,0.09166584,0.16849947,-0.20734163,0.046624348,0.6062615565669163,0.5426892984123658,0.7301298687146116,0.7121997,0.6594273,0.47404644,0.034177504,1.800010233495295,15760.7990673955
USA,United States,US Dollar,2005,1.2826291e7,1.25643e7,296.820296,143.6192,1708.56,3.574813,1.2826291e7,1.25643e7,3.756905e7,1.0,1.25643e7,3.756905e7,1.0,0.6398274,1.0,0.97957397,1.0,1,1,0,0,1.0,,0.7384099,0.22712632,0.114035286,0.09487693,-0.18282777,0.0083793765,0.9488980549226005,0.8767967255249242,1.3829122320750233,0.75863403,0.7541325,1.0,0.018317647,106.90654645666027,117526.01142244873
ZAF,South Africa,Rand,2005,330758.56,331114.28,47.792787,17.324242,,2.595756,330758.56,331114.28,717656.3,0.5680181,331114.28125,717656.3,1.0,0.5256126,6.359328333333333,0.74692416,0.74612176,1,1,0,0,0.7542087101948337,87.77777777777779,0.6895229,0.21339138,0.100814335,0.19594742,-0.22741818,0.027742106,0.6823956901018989,0.6278895448165197,1.4402266886688497,0.7242653,0.73083144,0.64816433,0.06017839,22.67229631270766,14604.355760135897
ZWE,Zimbabwe,Zimbabwe Dollar,2005,40943.99,43719.316,12.570686,7.0384088,,2.4297082,40943.99,43719.316,10168.732,0.72376335,43719.31544814682,10168.732,1.0,0.555796,1.0,0.15198673,0.14233853,0,1,0,0,0.2862345216695723,66.66666666666667,0.7181533,0.118632935,0.18351808,0.043672033,-0.083569504,0.019593144,0.18276084814286192,0.018299418472698642,0.11798019953971335,0.7298979,0.56718266,0.59074897,0.08577573,5.583948662228346,7829.462455839135
